{"mean":{"confidence_interval":{"confidence_level":0.95,"lower_bound":-0.14867958874329318,"upper_bound":-0.1404007066569582},"point_estimate":-0.14460273939907664,"standard_error":0.002109623118122598},"median":{"confidence_interval":{"confidence_level":0.95,"lower_bound":-0.15096194469571456,"upper_bound":-0.14490771065524932},"point_estimate":-0.14800559897385723,"standard_error":0.0015098555111352056}}