{"mean":{"confidence_interval":{"confidence_level":0.95,"lower_bound":-0.15982672866713013,"upper_bound":0.04381560830483829},"point_estimate":-0.069029440545751,"standard_error":0.052404496540562395},"median":{"confidence_interval":{"confidence_level":0.95,"lower_bound":-0.11215570547342912,"upper_bound":-0.08455439462394321},"point_estimate":-0.09753946718909978,"standard_error":0.007360264251325781}}