{"mean":{"confidence_interval":{"confidence_level":0.95,"lower_bound":-0.1490810043228257,"upper_bound":-0.1428635636937066},"point_estimate":-0.14604652478768,"standard_error":0.0015816286454928084},"median":{"confidence_interval":{"confidence_level":0.95,"lower_bound":-0.1480669161636179,"upper_bound":-0.14359133404761837},"point_estimate":-0.1458264103272191,"standard_error":0.0011895588017757281}}