{"mean":{"confidence_interval":{"confidence_level":0.95,"lower_bound":-0.06907463797159952,"upper_bound":-0.0476213100053239},"point_estimate":-0.05740653239796467,"standard_error":0.005501717899181345},"median":{"confidence_interval":{"confidence_level":0.95,"lower_bound":-0.047264232967874964,"upper_bound":-0.04065107444511824},"point_estimate":-0.04407539119401882,"standard_error":0.001566330296061885}}