{"mean":{"confidence_interval":{"confidence_level":0.95,"lower_bound":-0.4249002078796484,"upper_bound":0.06502504283285215},"point_estimate":-0.2173285054931382,"standard_error":0.125235233439857},"median":{"confidence_interval":{"confidence_level":0.95,"lower_bound":-0.40918294818694145,"upper_bound":-0.06679065761405734},"point_estimate":-0.24596102057990488,"standard_error":0.08844224670815609}}