{"mean":{"confidence_interval":{"confidence_level":0.95,"lower_bound":-0.1977529204796069,"upper_bound":-0.166224319663944},"point_estimate":-0.18212197054956036,"standard_error":0.008008581319116132},"median":{"confidence_interval":{"confidence_level":0.95,"lower_bound":-0.18560408583890997,"upper_bound":-0.16218038155771142},"point_estimate":-0.17525360626054443,"standard_error":0.005943657060865687}}