{"mean":{"confidence_interval":{"confidence_level":0.95,"lower_bound":3967.158656350659,"upper_bound":4021.4005266652275},"point_estimate":3993.4253502626275,"standard_error":13.833918238365143},"median":{"confidence_interval":{"confidence_level":0.95,"lower_bound":3937.2644726485637,"upper_bound":3990.79279811098},"point_estimate":3969.453450866603,"standard_error":13.92894342560843},"median_abs_dev":{"confidence_interval":{"confidence_level":0.95,"lower_bound":92.2952154096936,"upper_bound":153.78630975210947},"point_estimate":124.63843244425014,"standard_error":15.214649243302693},"slope":{"confidence_interval":{"confidence_level":0.95,"lower_bound":3913.326947010026,"upper_bound":3966.357107735921},"point_estimate":3938.3438967546685,"standard_error":13.555563946570992},"std_dev":{"confidence_interval":{"confidence_level":0.95,"lower_bound":111.27747217453296,"upper_bound":164.30304786631805},"point_estimate":139.26891670365637,"standard_error":13.58788013997958}}