{"mean":{"confidence_interval":{"confidence_level":0.95,"lower_bound":-0.05006671482628654,"upper_bound":-0.04105087992585162},"point_estimate":-0.04578107868430492,"standard_error":0.0023173041197594025},"median":{"confidence_interval":{"confidence_level":0.95,"lower_bound":-0.05267663326692429,"upper_bound":-0.04767440681256796},"point_estimate":-0.050381467861948304,"standard_error":0.0012757189975768919}}