{"mean":{"confidence_interval":{"confidence_level":0.95,"lower_bound":-0.07481905986681195,"upper_bound":-0.06519072221415097},"point_estimate":-0.06999671967081134,"standard_error":0.0024388643630452074},"median":{"confidence_interval":{"confidence_level":0.95,"lower_bound":-0.0721635285121599,"upper_bound":-0.06600650385925022},"point_estimate":-0.06985534168928331,"standard_error":0.0015084536600534996}}