{"mean":{"confidence_interval":{"confidence_level":0.95,"lower_bound":3680.9843642722612,"upper_bound":3755.0854062920007},"point_estimate":3712.1589888262283,"standard_error":19.23406818142484},"median":{"confidence_interval":{"confidence_level":0.95,"lower_bound":3661.5250608766232,"upper_bound":3682.2618817065136},"point_estimate":3670.655431617417,"standard_error":5.573304023451268},"median_abs_dev":{"confidence_interval":{"confidence_level":0.95,"lower_bound":34.691592574036605,"upper_bound":61.74210854252993},"point_estimate":45.86633185802943,"standard_error":7.073469250471037},"slope":{"confidence_interval":{"confidence_level":0.95,"lower_bound":3678.35508626482,"upper_bound":3829.7203046860573},"point_estimate":3741.335509480752,"standard_error":39.585918288349916},"std_dev":{"confidence_interval":{"confidence_level":0.95,"lower_bound":55.649250041813566,"upper_bound":300.1033670245174},"point_estimate":193.0475002862525,"standard_error":66.75060859824337}}