{"mean":{"confidence_interval":{"confidence_level":0.95,"lower_bound":-0.18491396206832134,"upper_bound":-0.15969645155788406},"point_estimate":-0.1721740307575078,"standard_error":0.006433038343226355},"median":{"confidence_interval":{"confidence_level":0.95,"lower_bound":-0.17759080760488477,"upper_bound":-0.16658216720886124},"point_estimate":-0.1711020296240795,"standard_error":0.002805107477582852}}