{"mean":{"confidence_interval":{"confidence_level":0.95,"lower_bound":-0.1103990514478405,"upper_bound":-0.04876308649073547},"point_estimate":-0.08386514159094083,"standard_error":0.016399749187165767},"median":{"confidence_interval":{"confidence_level":0.95,"lower_bound":-0.1276419385950319,"upper_bound":-0.09557986589151846},"point_estimate":-0.11130501297079098,"standard_error":0.008249792386535131}}