{"mean":{"confidence_interval":{"confidence_level":0.95,"lower_bound":-0.34650248100753295,"upper_bound":-0.2649625045372226},"point_estimate":-0.3065085498312129,"standard_error":0.020793736062534426},"median":{"confidence_interval":{"confidence_level":0.95,"lower_bound":-0.3296135064631972,"upper_bound":-0.31017002208296574},"point_estimate":-0.3217991860056798,"standard_error":0.004656554019869992}}