{"mean":{"confidence_interval":{"confidence_level":0.95,"lower_bound":-0.20568855473321768,"upper_bound":-0.08774493668993044},"point_estimate":-0.1511729695579993,"standard_error":0.030080709675479454},"median":{"confidence_interval":{"confidence_level":0.95,"lower_bound":-0.12932575912248406,"upper_bound":-0.11087428047612041},"point_estimate":-0.11573894129432982,"standard_error":0.0043921991632853855}}