{"mean":{"confidence_interval":{"confidence_level":0.95,"lower_bound":-0.3885519009753764,"upper_bound":0.10491955262251343},"point_estimate":-0.18155943957520704,"standard_error":0.12624161146193186},"median":{"confidence_interval":{"confidence_level":0.95,"lower_bound":-0.39984851498673657,"upper_bound":-0.05224543759306799},"point_estimate":-0.250053511632619,"standard_error":0.09092954438517982}}