{"mean":{"confidence_interval":{"confidence_level":0.95,"lower_bound":3571.704381621209,"upper_bound":3637.091735035661},"point_estimate":3598.564351317649,"standard_error":17.09075326552358},"median":{"confidence_interval":{"confidence_level":0.95,"lower_bound":3559.1845054945056,"upper_bound":3572.2546153846156},"point_estimate":3564.44626138664,"standard_error":3.1053393394263296},"median_abs_dev":{"confidence_interval":{"confidence_level":0.95,"lower_bound":20.705721317570703,"upper_bound":35.968696254299445},"point_estimate":29.098835417200235,"standard_error":3.856011382438623},"slope":{"confidence_interval":{"confidence_level":0.95,"lower_bound":3570.302085051624,"upper_bound":3689.5100569035},"point_estimate":3619.4509776630935,"standard_error":31.640342337057664},"std_dev":{"confidence_interval":{"confidence_level":0.95,"lower_bound":35.40261340435337,"upper_bound":275.02184235882163},"point_estimate":171.97911027460796,"standard_error":65.69826360017838}}