{"mean":{"confidence_interval":{"confidence_level":0.95,"lower_bound":-0.1815961527699599,"upper_bound":-0.14727872722100643},"point_estimate":-0.16502060372192806,"standard_error":0.008696748711762988},"median":{"confidence_interval":{"confidence_level":0.95,"lower_bound":-0.17803191645657593,"upper_bound":-0.16394360175065514},"point_estimate":-0.17158719849684367,"standard_error":0.0036644754153957785}}