{"mean":{"confidence_interval":{"confidence_level":0.95,"lower_bound":-0.04981493686146153,"upper_bound":-0.04224029229717295},"point_estimate":-0.04588094557602451,"standard_error":0.001934207993183475},"median":{"confidence_interval":{"confidence_level":0.95,"lower_bound":-0.04639010869683646,"upper_bound":-0.04080788680868408},"point_estimate":-0.04274499066987392,"standard_error":0.0014383753780105692}}