{"mean":{"confidence_interval":{"confidence_level":0.95,"lower_bound":-0.1508997820986509,"upper_bound":-0.12139723535813089},"point_estimate":-0.13579873140256504,"standard_error":0.0075188871088905165},"median":{"confidence_interval":{"confidence_level":0.95,"lower_bound":-0.13164845728874097,"upper_bound":-0.1189726549846519},"point_estimate":-0.12476852688603501,"standard_error":0.0031261557703756208}}