{"mean":{"confidence_interval":{"confidence_level":0.95,"lower_bound":-0.35876538354787574,"upper_bound":-0.27928527804080516},"point_estimate":-0.3202614655689844,"standard_error":0.020327927959560163},"median":{"confidence_interval":{"confidence_level":0.95,"lower_bound":-0.3261537622080688,"upper_bound":-0.31089889194804177},"point_estimate":-0.3182925803918484,"standard_error":0.004033871616665692}}