{"mean":{"confidence_interval":{"confidence_level":0.95,"lower_bound":-0.03815778965004764,"upper_bound":-0.03210945779750487},"point_estimate":-0.03515487889457414,"standard_error":0.0015400103869255672},"median":{"confidence_interval":{"confidence_level":0.95,"lower_bound":-0.042597386475196175,"upper_bound":-0.035981633049303574},"point_estimate":-0.0398758127392117,"standard_error":0.0016242929283489154}}