{"mean":{"confidence_interval":{"confidence_level":0.95,"lower_bound":-0.1582424706122775,"upper_bound":-0.07271336139632335},"point_estimate":-0.11229871510259704,"standard_error":0.021977735940501644},"median":{"confidence_interval":{"confidence_level":0.95,"lower_bound":-0.11212874724200231,"upper_bound":-0.04718027577135864},"point_estimate":-0.06496615231495673,"standard_error":0.016617544173144927}}