{"mean":{"confidence_interval":{"confidence_level":0.95,"lower_bound":-0.06854324239103571,"upper_bound":-0.05849568437527251},"point_estimate":-0.06369478863762934,"standard_error":0.0025502247432937315},"median":{"confidence_interval":{"confidence_level":0.95,"lower_bound":-0.0681841716798931,"upper_bound":-0.06315722008270286},"point_estimate":-0.06658227034232445,"standard_error":0.001289247208037218}}