{"mean":{"confidence_interval":{"confidence_level":0.95,"lower_bound":-0.13676405786090928,"upper_bound":-0.10806183846663811},"point_estimate":-0.12237440611594841,"standard_error":0.007326599495217854},"median":{"confidence_interval":{"confidence_level":0.95,"lower_bound":-0.13738409975570143,"upper_bound":-0.10044609638267259},"point_estimate":-0.11277052961157874,"standard_error":0.00983466178459509}}