{"mean":{"confidence_interval":{"confidence_level":0.95,"lower_bound":-0.3774325438996346,"upper_bound":-0.29805449658386635},"point_estimate":-0.339795521394304,"standard_error":0.02020777906669465},"median":{"confidence_interval":{"confidence_level":0.95,"lower_bound":-0.33849157833240917,"upper_bound":-0.3172729630375846},"point_estimate":-0.3276694102434161,"standard_error":0.00522746683443292}}