{"mean":{"confidence_interval":{"confidence_level":0.95,"lower_bound":-0.048176178576065994,"upper_bound":-0.026424188425855144},"point_estimate":-0.03849270505359015,"standard_error":0.005311538028079758},"median":{"confidence_interval":{"confidence_level":0.95,"lower_bound":-0.04383056752981218,"upper_bound":-0.033212213489805076},"point_estimate":-0.03930581247409981,"standard_error":0.003113586914264986}}