{"mean":{"confidence_interval":{"confidence_level":0.95,"lower_bound":-0.3486681359460369,"upper_bound":-0.26826589086375674},"point_estimate":-0.30972103915857885,"standard_error":0.0206217148809947},"median":{"confidence_interval":{"confidence_level":0.95,"lower_bound":-0.33233897778148835,"upper_bound":-0.30954910756253573},"point_estimate":-0.32269573604467505,"standard_error":0.00610961266904689}}