{"mean":{"confidence_interval":{"confidence_level":0.95,"lower_bound":621.9339760849341,"upper_bound":635.5655302888583},"point_estimate":628.2483574145431,"standard_error":3.4801752951019083},"median":{"confidence_interval":{"confidence_level":0.95,"lower_bound":612.2873239436619,"upper_bound":620.6714635639927},"point_estimate":614.7843170131903,"standard_error":1.7529742220035531},"median_abs_dev":{"confidence_interval":{"confidence_level":0.95,"lower_bound":6.783025390140637,"upper_bound":16.943527865889806},"point_estimate":10.571670674013285,"standard_error":2.415583246594021},"slope":{"confidence_interval":{"confidence_level":0.95,"lower_bound":612.4011835396357,"upper_bound":618.7424843462815},"point_estimate":615.4581373844763,"standard_error":1.621147147477225},"std_dev":{"confidence_interval":{"confidence_level":0.95,"lower_bound":22.903320017134032,"upper_bound":44.802991434635594},"point_estimate":34.961615538296314,"standard_error":5.592093445324941}}