{"mean":{"confidence_interval":{"confidence_level":0.95,"lower_bound":-0.35988637179624167,"upper_bound":-0.2757008690918036},"point_estimate":-0.31806376961853755,"standard_error":0.021406099751858528},"median":{"confidence_interval":{"confidence_level":0.95,"lower_bound":-0.3347984343818079,"upper_bound":-0.3192722821165195},"point_estimate":-0.3284229840385622,"standard_error":0.003682903667093947}}