{"mean":{"confidence_interval":{"confidence_level":0.95,"lower_bound":-0.3775446064236507,"upper_bound":0.1385157213287093},"point_estimate":-0.1559648762765098,"standard_error":0.13144402734490912},"median":{"confidence_interval":{"confidence_level":0.95,"lower_bound":-0.38234068750148453,"upper_bound":-0.03280571861251935},"point_estimate":-0.1992496021506741,"standard_error":0.09037351870107496}}