{"mean":{"confidence_interval":{"confidence_level":0.95,"lower_bound":-0.15245451691221285,"upper_bound":-0.1432345873426385},"point_estimate":-0.14811241317844415,"standard_error":0.002331169997054147},"median":{"confidence_interval":{"confidence_level":0.95,"lower_bound":-0.15198328635724223,"upper_bound":-0.14555162071272743},"point_estimate":-0.1488896275840449,"standard_error":0.0016303836003474777}}