{"mean":{"confidence_interval":{"confidence_level":0.95,"lower_bound":150.19182119960513,"upper_bound":161.16054828900099},"point_estimate":155.5163510973534,"standard_error":2.7957611060323697},"median":{"confidence_interval":{"confidence_level":0.95,"lower_bound":147.46902557319223,"upper_bound":150.74384633080285},"point_estimate":148.79199500919358,"standard_error":0.7967954290460466},"median_abs_dev":{"confidence_interval":{"confidence_level":0.95,"lower_bound":4.228187537555952,"upper_bound":8.00412267338602},"point_estimate":5.334647775216572,"standard_error":0.9708227866418725},"slope":{"confidence_interval":{"confidence_level":0.95,"lower_bound":145.53178084455516,"upper_bound":154.33251960063365},"point_estimate":149.77518733536468,"standard_error":2.232071595993257},"std_dev":{"confidence_interval":{"confidence_level":0.95,"lower_bound":22.097982336589283,"upper_bound":33.00398993976873},"point_estimate":28.01850630069144,"standard_error":2.778919407056766}}