{"mean":{"confidence_interval":{"confidence_level":0.95,"lower_bound":-0.1504687614661304,"upper_bound":-0.14315155393797335},"point_estimate":-0.1467838792203432,"standard_error":0.001865980710860999},"median":{"confidence_interval":{"confidence_level":0.95,"lower_bound":-0.14952124438824918,"upper_bound":-0.14447403297708072},"point_estimate":-0.14714449374336802,"standard_error":0.0012440586055837547}}