{"mean":{"confidence_interval":{"confidence_level":0.95,"lower_bound":-0.39275150463001085,"upper_bound":0.1197370835997424},"point_estimate":-0.18025702750165906,"standard_error":0.13119384399216066},"median":{"confidence_interval":{"confidence_level":0.95,"lower_bound":-0.3890587626900859,"upper_bound":-0.057007385978584124},"point_estimate":-0.2127458697768797,"standard_error":0.08539273994268116}}