{"mean":{"confidence_interval":{"confidence_level":0.95,"lower_bound":4151.867481951721,"upper_bound":5043.66957991166},"point_estimate":4526.90069691439,"standard_error":231.49600471734618},"median":{"confidence_interval":{"confidence_level":0.95,"lower_bound":3805.6285217391305,"upper_bound":3921.84},"point_estimate":3854.3462839506174,"standard_error":29.06870354316014},"median_abs_dev":{"confidence_interval":{"confidence_level":0.95,"lower_bound":176.37444182872758,"upper_bound":335.16330646966196},"point_estimate":245.8286678479508,"standard_error":39.32533470566365},"slope":{"confidence_interval":{"confidence_level":0.95,"lower_bound":4151.664897912378,"upper_bound":5163.505182899557},"point_estimate":4602.652542704301,"standard_error":259.56457148221045},"std_dev":{"confidence_interval":{"confidence_level":0.95,"lower_bound":877.9389017303424,"upper_bound":3644.709239617406},"point_estimate":2325.7107848562064,"standard_error":805.9261974153462}}