{"mean":{"confidence_interval":{"confidence_level":0.95,"lower_bound":-0.3230343962504732,"upper_bound":-0.23521563911499987},"point_estimate":-0.2806138142424608,"standard_error":0.022281271734642196},"median":{"confidence_interval":{"confidence_level":0.95,"lower_bound":-0.332649154579045,"upper_bound":-0.3169858599553703},"point_estimate":-0.32624415573811605,"standard_error":0.003754473451783311}}