{"mean":{"confidence_interval":{"confidence_level":0.95,"lower_bound":-0.4084178457931969,"upper_bound":0.06303671744064716},"point_estimate":-0.21168236954461694,"standard_error":0.1207272738279134},"median":{"confidence_interval":{"confidence_level":0.95,"lower_bound":-0.41222463908277773,"upper_bound":-0.050112395011003286},"point_estimate":-0.2670110188782159,"standard_error":0.09427347824096509}}