{"mean":{"confidence_interval":{"confidence_level":0.95,"lower_bound":-0.4045830812085437,"upper_bound":0.08172905453992366},"point_estimate":-0.19231695845920072,"standard_error":0.1235329293948853},"median":{"confidence_interval":{"confidence_level":0.95,"lower_bound":-0.3946224922843379,"upper_bound":-0.05321443835851465},"point_estimate":-0.21492331377434004,"standard_error":0.09433916130972353}}