{"mean":{"confidence_interval":{"confidence_level":0.95,"lower_bound":-0.18032503116616955,"upper_bound":-0.1521204922577175},"point_estimate":-0.16349103139037957,"standard_error":0.007440752981834444},"median":{"confidence_interval":{"confidence_level":0.95,"lower_bound":-0.16677724376228897,"upper_bound":-0.1545126751574949},"point_estimate":-0.16028775173475418,"standard_error":0.003164124625098905}}