{"mean":{"confidence_interval":{"confidence_level":0.95,"lower_bound":-0.19767901491359566,"upper_bound":-0.14689281202399404},"point_estimate":-0.171393685995615,"standard_error":0.013027497989170236},"median":{"confidence_interval":{"confidence_level":0.95,"lower_bound":-0.14018947782874436,"upper_bound":-0.11698987174007203},"point_estimate":-0.1264068593480635,"standard_error":0.006200900630194593}}