{"mean":{"confidence_interval":{"confidence_level":0.95,"lower_bound":-0.0901081380056293,"upper_bound":-0.06533935942659112},"point_estimate":-0.07681575428942988,"standard_error":0.006341303054139588},"median":{"confidence_interval":{"confidence_level":0.95,"lower_bound":-0.07476007773348019,"upper_bound":-0.05406525015576702},"point_estimate":-0.0684324187571872,"standard_error":0.006386679565416747}}