{"mean":{"confidence_interval":{"confidence_level":0.95,"lower_bound":-0.06694478132514059,"upper_bound":-0.05100187575238936},"point_estimate":-0.05753225060479894,"standard_error":0.0041824616996522035},"median":{"confidence_interval":{"confidence_level":0.95,"lower_bound":-0.05719219065035919,"upper_bound":-0.05033806188091805},"point_estimate":-0.053953406600861564,"standard_error":0.0018006748753382972}}